id,proposal_type,project_name,description,link_to_project,inscription_link,logo,participant_names,organization,created_at,sponsor_id,duration_minutes,start_time,end_time,location,tags,notes
lDMM6,STAND,Presentación de retos tecnológicos del proyecto Talentos Inclusivos,"Solo por la mañana, de 10:00 a 12:00.
Presentación de retos tecnológicos del proyecto Talentos Inclusivos: Tablero con pictogramas que representa emociones, dispositivo de apoyo realizado con impresión 3D para pintar con la cabeza y videojuegos accesibles: Compra Con-Migo y Nitendo Switch con mandos adaptados para jugar con el tronco y la cabeza.",https://talentosinclusivos.citic.udc.es/,,/makers/lDMM6.svg,"Irene Brage, Adriana Dapena +3","CITIC, UDC",2026-09-28 16:56,,,2026-10-03 10:00,2026-10-03 12:00,MAKER_AT_DOMUS,"{Accesibilidad,""Impresión 3D"",Videojuegos}",
vD9o5,STAND,OSHWi Clickmov,"Demo interactiva multitablero desarrollada en Processing para la OSHWDem 2026 (A Coruña), diseñada para poner a prueba los reflejos y la precisión de hasta 4 jugadores simultáneos utilizando el hardware original de la Open LED Race.

El objetivo es controlar a OSHWi —la mascota del evento— utilizando un único switch por jugador. Cada participante dispone de un OSHWi en pantalla cuyo movimiento depende exclusivamente de la posición de sus ojos:
Mecánica de mirada: Los ojos de cada personaje ejecutan un ciclo continuo de navegación en cuatro direcciones
(izquierda → derecha → arriba → abajo).
Control de trayectoria: La dirección a la que apunta la mirada en cada instante determina la dirección objetivo hacia la que se desplazará la mascota.
Detención/Centro: Para fijar la posición o detener la marcha, el jugador debe pulsar el switch justo en el momento
en que los ojos se posan en el centro.
Una experiencia de control one-button de bajo nivel que reinterpreta el uso de la PCB de la Open LED Race, combinando temporización, coordinación visual y la identidad gráfica de la OSHWDem.",https://scandlive.singulardevices.com/,,,"Marga, Jordi Rodríguez Crespo",,2026-09-28 13:09,,,,,MAKER_AT_DOMUS,"{Videojuegos,Interactivo,Electrónica}",
0OApN,TALK,OshwiClaw: Iniciación a OpenClaw,"Charla divulgativa orientada a makers y a personas más amateur donde se explica brevemente qué es Openclaw y se introduce el proyecto OswhiClaw open source que pretende resolver, unos pequeños casos de uso orientados a makers y de dominio general de manera accesible y sin apenas configuración alguna.",https://docs.google.com/document/d/1Hf0t22HfpxEYmmEBYZQaOpHU1ojfpugP1UQgvXKAQEo/edit?usp=sharing,,,Ángel Quiles,,2026-09-26 21:48,,30,2026-10-03 15:00,,LAB,"{IA,""Software libre"",Iniciación}",
AA881,TALK,¡Pues ahora me hago mi propio teclado!,"Está de moda tener teclados diferentes: específicos para programación, para diseño, tenkey-less... E incluso comprar kits y construírtelo tu mismo. En esta charla veremos cómo dar el siguiente paso: diseñar y construir tu propio teclado desde cero. ¡Con casinos! ¡Y ...!",https://blog.rastersoft.com/?tag=problemas-tecladiles,,,Sergio Costas Rodríguez,A Industriosa,2026-09-26 9:32,,30,2026-10-03 15:30,,LAB,"{Teclados,Electrónica,""Hazlo tú mismo""}",
8OXqL,WORKSHOP_EVERYONE,"Pulpiños, Arduino e IA: Aprendiendo Inteligencia Artificial con la Arduino UNO Q",En este taller aprenderás a utilizar la nueva Arduino UNO Q. Una placa con Linux y también Arduino que te permitirá crear tus propias redes de inteligencia artificial desde tu propia casa. ¡Pulpos cibernéticos incluidos!,https://www.arduino.cc/product-uno-q,,/makers/8OXqL.jpg,Julián Caro Linares e Iraisy Figueroa,,2026-09-25 21:54,0,90,2026-10-03 16:00,,LAB,"{Arduino,IA,Electrónica,Iniciación}",¡Trae tu portátil!
53lOX,STAND,Chips à la Antoine: cómo hacer ingeniería inversa de circuitos integrados sin dejarte una pasta,"Hace un año empecé a decapar chips (quitarles el encapsulado y revelar el silicio) para ver qué es lo que esconden dentro: simplemente por pura curiosidad, y porque encontré un método que no necesita ácidos mortíferos y peligrosos. En este tiempo he creado un sistema relativamente ""barato"" para observar los chips de cerca y empezar a entender cómo funcionan: sistema de iluminación especial con adaptadores impresos en 3d, microscopio motorizado con una CNC, y cosido automático de imágenes, todo con software open source. ahora que tengo las fotos con la resolución y iluminación necesarias estoy empezando a hacer ingeniería inversa y de paso aprendiendo fabricación de semiconductores (al menos en teoría).",https://codeberg.org/lytex/Metallographic-Illumination,,,Julián López Carballal,,2026-09-25 11:58,,,,,MAKER_AT_DOMUS,"{Microchips,""Ingeniería inversa"",""Impresión 3D""}",
1QYJG,STAND,Fablab ETSAC Coruña,"Exposición de la actividad del FabLab, explicando lo que es y las posibilidades que ofrece desde una universidad pública, propuestas de actividades formativas abiertas a la comunidad. Visitas y realización de talleres. Muestra de modelos a escala desarrollados por los alumnos de la escuela de arquitectura.",https://fablab.udc.es/,,,"Pepe Vázquez Rodríguez, Miguel Bujía Rilo",,2026-09-25 11:00,,,,,MAKER_AT_DOMUS,"{""Fabricación digital"",Arquitectura,Educación}",
ZpwrQ,STAND,The bending bench,"Es un banco interactivo que muestra los diagramas de esfuerzos en tiempo real, es mi proyecto final del fabacademy. 
Llevaría tambien algunas estructuras que tengo en el fablab que pueden montarse de forma sencilla.",https://fabacademy.org/2025/labs/aindustriosa/students/pepe-vazquez/docs/finalproject/,,,"Pepe Vázquez Rodríguez, Miguel Bujía Rilo",FabLab ETSAC,2026-09-24 17:00,,,,,MAKER_AT_DOMUS,"{Arquitectura,Interactivo,Electrónica}",
7OArO,TALK,Telar,Applicación web de desarrollo de instalaciones interactivas multimedia,https://telar.ecoloxico.com/,,,Luis Díaz-Faes,A Industriosa,2026-09-23 16:44,,30,2026-10-03 18:00,,LAB,"{Arte,Interactivo,Web}",
53WpA,STAND,A Industriosa,"Asociación Tecnolóxica A Industriosa, proxectos tecnoloxicos:
- MiniTKL inhalambrico
- CutreDeck
- Regata Solar
- Telar Visual Art",http://www.aindustriosa.org,,,,A Industriosa,2026-09-23 16:41,,,,,MAKER_AT_DOMUS,"{Teclados,Electrónica,""Energía solar"",Arte}",
RwLDL,STAND,Pensar es el juego más divertido,"Crecer Creando es un proyecto educativo de A Coruña que diseña juegos de matemáticas pensados para todas las formas de aprender (altas capacidades, TEA, TDAH…), donde pensar es el juego más divertido.
En su puesto solo encontrarás sus juegos liberados, que cualquiera puede descargar e imprimir gratis desde su web para usarlos en casa, en el aula o en talleres:
- Pirámides fractales: un reto de lógica y visión espacial con piezas impresas en 3D (también en Thingiverse).
- Invasión 2.0: un juego de estrategia con tres dados y operaciones combinadas.
- El bosque encantado: un recorrido por un bosque mágico sumando y restando decenas.
- El repartidor de pizza: retos manipulativos para descubrir las fracciones.",https://crecercreando.org/diviertete-gratis/,,,,Crecer Creando,2026-09-23 13:35,,,,,MAKER_AT_DOMUS,"{Matemáticas,Juegos,""Impresión 3D"",Educación}",
Zp65Q,TALK,"VRAO-SOL - Análisis de accesibilidad en viviendas con silla de ruedas, 100% open source (GPLv3)","VRAO es una aplicación en desarrollo que pretende ayudar a Personas de Movilidad Reducida a visualizar de la manera más fiel posible cómo es un espacio antes de construirlo. En VRAO - SOL, partimos de un archivo .IFC (Industry Foundation Classes, estándar BIM abierto) para ser automáticamente convertido a una escena de Godot, generando geometría, iluminación y el mundo físico que nos permite transitar por una vivienda con una silla de ruedas simulada físicamente, encontrando conflictos y puntos de mejora para una reforma.

VRAO-AREA, aún en fase de diseño, permitiría trasladar planos 2D a IFC básico, reutilizando planos ya hecho con las mínimas modificaciones posibles.

Está apoyada sobre software 100% open source:
- Godot como motor de la aplicación, y por supuesto, corriendo sobre Linux.
- VRAO-GDIFC como capa de conversión IFC -> Godot, fork de GDIFC de BMuniz
- Godot XR-Tools como librería de apoyo al desarrollo XR
- Monado como runtime de OpenXR (en lugar del propietario SteamVR) 
- WiVRn como Streamer cableado o inalámbrico

Proyecto financiado por la beca Artigo9Tech de Enxeñería Sen Fronteiras, y bajo el paraguas del grupo de investigación XLab, adherido al CITIC de la UDC",https://codeberg.org/emilioj/VRAO,,/makers/Zp65Q.svg,manuelsrleon,ESF Artigo9Tech x CITIC XLab research group,2026-09-10 23:37,,30,2026-10-03 17:30,,LAB,"{Accesibilidad,""Realidad virtual"",Arquitectura,""Software libre""}",
